{
	"extension.description": "Адаптер отладки Visual Studio Code для Node.js",
	"node.label": "Node.js",
	"node.sourceMaps.description": "Использовать карты исходного кода JavaScript (если они существуют).",
	"node.outDir.description": "Если карты исходного кода включены, созданный код должен быть в этом каталоге. Если параметр не задан, созданный код будет в том же каталоге, что и источник.",
	"node.stopOnEntry.description": "Автоматически остановить программу после запуска.",
	"node.port.description": "Порт отладки для присоединения. Значение по умолчанию — 5858.",
	"node.address.description": "TCP/IP-адрес порта отладки (только для Node.js >= 5.0). Значение по умолчанию — \"localhost\".",
	"node.timeout.description": "Повторять в течение этого количества миллисекунд для подключения к Node.js. Значение по умолчанию — 10 000 мс.",
	"node.smartStep.description": "Автоматическая пошаговая отработка сформированного кода, который невозможно снова добавить в исходный источник.",
	"node.launch.program.description": "Абсолютный путь к программе.",
	"node.launch.externalConsole.description": "Запустить цель отладки во внешней консоли.",
	"node.launch.args.description": "Аргументы командной строки, передаваемые программе.",
	"node.launch.cwd.description": "Абсолютный путь к рабочему каталогу отлаживаемой программы.",
	"node.launch.runtimeExecutable.description": "Абсолютный путь к исполняемому файлу среды выполнения. По умолчанию это исполняемый файл среды выполнения, заданный переменной PATH.",
	"node.launch.runtimeArgs.description": "Необязательные аргументы, переданные исполняемому файлу среды выполнения.",
	"node.launch.env.description": "Переменные окружения, переданные в программу.",
	"node.launch.config.name": "Запустить",
	"node.attach.processId.description": "Id of process to attach to.",
	"node.attach.restart.description": "Перезапуск сеанса после завершения Node.js.",
	"node.attach.localRoot.description": "Корневой элемент локального источника, соответствующий remoteRoot.",
	"node.attach.remoteRoot.description": "Исходный корневой элемент удаленного узла.",
	"node.attach.config.name": "Подключить",
	"node.processattach.config.name": "Attach to Process",
	"extensionHost.label": "Разработка расширения VSCode",
	"extensionHost.launch.runtimeExecutable.description": "Абсолютный путь к VS Code.",
	"extensionHost.launch.args.description": "Аргументы командной строки переданы в программу.",
	"extensionHost.launch.stopOnEntry.description": "Автоматически остановить узел расширения после запуска.",
	"extensionHost.launch.sourceMaps.description": "Использовать карты исходного кода JavaScript.",
	"extensionHost.launch.outDir.description": "Если карты исходного кода включены, созданный код должен быть в этом каталоге. Если параметр не задан, созданный код будет в том же каталоге, что и источник.",
	"extensionHost.smartStep.description": "Автоматическая пошаговая отработка сформированного кода, который невозможно снова добавить в исходный источник.",
	"extensionHost.launch.config.name": "Запуск расширения"
}